{
    "label":"Exterior Design",
    "description":"Lorem ipsum dolor sit amet, consectetuer adipiscing elit. Aenean commodo ligula eget dolor. Aenean massa. Omom sociis natoque penatibus.",
    "icon":"picture",
    "detailsImg":"https://i.pinimg.com/736x/bf/c7/7d/bfc77d66e1d68e2e87da6ccfade06710.jpg",
    "detilesTitle":"OMOM SOCIIS NATOQUE PENATIBUS",
    "detailsText":"Lorem ipsum dolor sit amet, consectetuer adipiscing elit. Aenean commodo ligula eget dolor. Aenean massa. Omom sociis natoque penatibus.Lorem ipsum dolor sit amet, consectetuer adipiscing elit. Aenean commodo ligula eget dolor. Aenean massa. Omom sociis natoque penatibus."

}

{
    "label":"Interior Design",
    "description":"Lorem ipsum dolor sit amet, consectetuer adipiscing elit. Aenean commodo ligula eget dolor. Aenean massa. Omom sociis natoque penatibus.",
    "icon":"loop",
    "detailsImg":"https://5.imimg.com/data5/SELLER/Default/2020/11/VA/PT/WD/63934041/whatsapp-image-2020-11-27-at-15-37-27-2--500x500.jpeg",
    "detilesTitle":"OMOM SOCIIS NATOQUE PENATIBUS",
    "detailsText":"Lorem ipsum dolor sit amet, consectetuer adipiscing elit. Aenean commodo ligula eget dolor. Aenean massa. Omom sociis natoque penatibus.Lorem ipsum dolor sit amet, consectetuer adipiscing elit. Aenean commodo ligula eget dolor. Aenean massa. Omom sociis natoque penatibus."

}

{
    "label":"Documentation",
    "description":"Lorem ipsum dolor sit amet, consectetuer adipiscing elit. Aenean commodo ligula eget dolor. Aenean massa. Omom sociis natoque penatibus.",
    "icon":"note",
    "detailsImg":"https://assets-news.housing.com/news/wp-content/uploads/2020/06/27102756/Key-legal-checklist-for-buying-a-property-FB-1200x700-compressed-1200x700.jpg",
    "detilesTitle":"OMOM SOCIIS NATOQUE PENATIBUS",
    "detailsText":"Lorem ipsum dolor sit amet, consectetuer adipiscing elit. Aenean commodo ligula eget dolor. Aenean massa. Omom sociis natoque penatibus.Lorem ipsum dolor sit amet, consectetuer adipiscing elit. Aenean commodo ligula eget dolor. Aenean massa. Omom sociis natoque penatibus."

}

{
    "label":"Choice of Land",
    "description":"Lorem ipsum dolor sit amet, consectetuer adipiscing elit. Aenean commodo ligula eget dolor. Aenean massa. Omom sociis natoque penatibus.",
    "icon":"map",
    "detailsImg":"https://room.bigbadmole.com/wp-content/uploads/2018/08/anglijskij-stil-v-landshaftnom-dizajne-1.jpg",
    "detilesTitle":"OMOM SOCIIS NATOQUE PENATIBUS",
    "detailsText":"Lorem ipsum dolor sit amet, consectetuer adipiscing elit. Aenean commodo ligula eget dolor. Aenean massa. Omom sociis natoque penatibus.Lorem ipsum dolor sit amet, consectetuer adipiscing elit. Aenean commodo ligula eget dolor. Aenean massa. Omom sociis natoque penatibus."

}